ID,Date,Amount,AccountType,ServiceType,Description
2,2024-05-02 14:05,100.0,Current,Withdrawal,first try to get some money to spend
2,2024-05-02 19:51,10000.0,Current,Withdrawal,evening1try
2,2024-05-02 19:59,9000.0,Current,Withdrawal,after changed alert
3,2024-05-02 19:59,9000.0,Current,Withdrawal,after changed alert
2,2024-05-05 17:22,1000.0,Saving,Deposit,Try to see whether it will affect other reocords
2,2024-05-05 17:23,999.0,Saving,Deposit,1
2,2024-05-24 03:10,49.0,Saving,Withdrawal,test-available
8,2024-05-24 03:48,1.0,Current,Deposit,1
8,2024-05-24 03:49,1000.0,Saving,Deposit,test
8,2024-05-24 04:04,1000.0,Saving,Deposit,test
8,2024-05-24 14:04,100.0,Saving,Deposit,test1
8,2024-05-24 14:58,1.0,Current,Deposit,1
8,2024-05-24 14:59,100.0,Saving,Deposit,nolimit
